{"en":[{"id":"portfolio-en-35eced21-4352-44ad-96dc-4b6b14c04d3a","image":"C:\\Users\\alimm\\Desktop\\Portfolio v1\\server\\uploads\\image-a63f6a24-07de-442b-9dd5-c377c19e242e.png","description":"asdasdasdasdasd","name":"asdasdasd","links":[{"id":"aff4db3b-873c-4e59-a4e3-fc122092002c","url":"http://localhost:3030/admin/portfolio","value":"asdsd"},{"id":"4d183c46-8c53-4a00-8ac3-4af1eeae0b69","url":"http://localhost:3030/admin/portfolio","value":"adsdasd"}],"tags":["eqwe","  qweqwe","  qweqwe","  qwe"]},{"id":"portfolio-en-3114d5e5-00f3-442f-aa37-3539362bde21","image":"C:\\Users\\alimm\\Desktop\\Portfolio v1\\server\\uploads\\image-9391e249-3e79-425c-8e98-6fbf7798b2df.png","links":[{"id":"aff4db3b-873c-4e59-a4e3-fc122092002c","url":"http://localhost:3030/admin/portfolio","value":"asdsd"}],"tags":["eqwe","    qweqwe","    qweqwe","    qwe"],"description":"asdasdasd","name":"asdasdasdads"}],"ru":[{"id":"portfolio-ru-635448ba-2264-4396-b2c6-06591ba2105e","image":"C:\\Users\\alimm\\Desktop\\WorkSpace\\Portfolio v1\\server\\uploads\\image-51dda9fc-0486-4f8e-9a1a-d9edfbb6a011.jpg","description":"dasdasdasda","name":"asdasdas","links":[{"id":"2a485344-8144-40f8-8a37-fa3628e969f1","url":"http://localhost:3030/admin/portfolio","value":"asdasd"}],"tags":["sdasdasd","asdasd","asdasd"]},{"id":"portfolio-ru-96225aa0-2673-45ce-8034-ff77d706fe53","image":"C:\\Users\\alimm\\Desktop\\Portfolio v1\\server\\uploads\\image-55510a21-64ad-4ef8-be4e-4f431b2b5373.jpg","description":"asdasdads asda sdasdasda sdasdas dasdas dasdas dasdas dasdasd asdasdasd fdggfh dgh rtfhetrjtyntk juyrtdh rte tyh erty","links":[],"tags":["hello"]}]}