{"ru":[{"id":"review-ru-45485c50-6d60-4674-b2ce-ca7ae1c2db2a","name":"sadasdasdasd","job":"asdasd","review":"asdadsasd","avatar":"C:\\Users\\alimm\\Desktop\\WorkSpace\\Portfolio v1\\server\\uploads\\image-c32f0285-8e80-4cf8-a3cc-a71b50792213.png"},{"id":"review-ru-5f4ee356-538a-4e98-8e0d-e7d19f6ef4fa","name":"asasd","job":"asd","review":"asdasdasdasdasdsa","avatar":"C:\\Users\\alimm\\Desktop\\Portfolio v1\\server\\uploads\\image-8c5db47d-f565-4cd4-8206-c05f39bbaa2f.png"}],"en":[{"id":"review-en-cd512b40-544c-4141-9085-a0731795b2e3","name":"asdads","job":"asdasd","review":"asdasd","avatar":"C:\\Users\\alimm\\Desktop\\Portfolio v1\\server\\static\\default_user.png"},{"id":"review-en-4b30804c-dcb5-4c0b-a5f3-dd2179e858b3","name":"asdasdas","job":"dadsa","review":"dasdasd","avatar":"C:\\Users\\alimm\\Desktop\\Portfolio v1\\server\\static\\default_user.png"},{"id":"review-en-ead99f5d-9594-41dd-baa3-533751c72708","name":"sssssssssss","job":"sss","review":"ssssssssss","avatar":"C:\\Users\\alimm\\Desktop\\Portfolio v1\\server\\uploads\\image-b4633425-84b0-42ef-9d45-d653ce069ba7.png"},{"id":"review-en-81648e05-dfd9-49af-8fb0-711df396a72f","name":"sadads","job":"asda","review":"dsasdsad","avatar":"C:\\Users\\alimm\\Desktop\\Portfolio v1\\server\\uploads\\image-31a0aa03-add2-4770-b556-44b1434cddaa.png"},{"id":"review-en-a21a5fe0-8017-4a8e-9ad7-6702869f5d81","name":"Alim mambo","job":"front-end","review":"asdasdads asda sdasdasda sdasdas dasdas dasdas dasdas dasdasd asdasdasd fdggfh dgh rtfhetrjtyntk juyrtdh rte tyh erty","avatar":"C:\\Users\\alimm\\Desktop\\Portfolio v1\\server\\uploads\\image-865a87a0-f100-4efd-96ad-8a73e2a92b8c.png"},{"id":"review-en-c076d257-f663-4db3-9526-67ef0d9c587d","name":"dsasd","job":"sdfsdfasd","review":"s","avatar":"C:\\Users\\alimm\\Desktop\\Portfolio v1\\server\\uploads\\image-5e0bfc37-85e7-4957-a2d8-6031c00d425d.png"}]}