{"ru":[{"id":"group-ru-8a0a077a-174f-4300-b894-b91fd656f140","title":"asasdasd","skills":[{"id":"skill-ru-4e71f3e7-f0cc-4708-b19f-0d9c832d5aa0","name":"asdasd","icon":"C:\\Users\\alimm\\Desktop\\WorkSpace\\Portfolio v1\\server\\uploads\\skill-ru-4e71f3e7-f0cc-4708-b19f-0d9c832d5aa0.svg"},{"id":"skill-ru-364cf615-2625-4e41-8630-95c7f02a62ee","name":"asdasd","icon":"C:\\Users\\alimm\\Desktop\\WorkSpace\\Portfolio v1\\server\\static\\star.svg"},{"id":"skill-ru-f0331175-f35e-4b75-96f2-ae3e4d5d90c7","name":"asd","icon":"C:\\Users\\alimm\\Desktop\\WorkSpace\\Portfolio v1\\server\\static\\star.svg"}]},{"id":"group-ru-e69cf9c2-7ff8-49b8-a8f8-e93a272d8d95","title":"фронт","skills":[{"id":"skill-ru-22f2db64-c646-4543-b863-c1a22c119beb","name":"skill-2","icon":"C:\\Users\\alimm\\Desktop\\Portfolio v1\\server\\static\\star.svg"},{"id":"skill-ru-b954109d-611e-45ad-ae87-d0b9180be249","name":"asasd","icon":"C:\\Users\\alimm\\Desktop\\WorkSpace\\Portfolio v1\\server\\uploads\\skill-ru-b954109d-611e-45ad-ae87-d0b9180be249.svg"},{"id":"skill-ru-86e648c4-099a-4838-8a8e-e1b317def73d","name":"asdasdad","icon":"C:\\Users\\alimm\\Desktop\\WorkSpace\\Portfolio v1\\server\\static\\star.svg"},{"id":"skill-ru-6fbc046a-150a-4f8b-a190-de8552cb61da","name":"asdasd","icon":"C:\\Users\\alimm\\Desktop\\WorkSpace\\Portfolio v1\\server\\static\\star.svg"}]}],"en":[{"id":"group-en-b31af2e6-1cb7-48f9-9b58-b3ebda579270","title":"sadasdasdssss","skills":[{"id":"skill-en-ac5546ff-5bc1-4805-a732-2eb9f6be6335","name":"asdasd","icon":"C:\\Users\\alimm\\Desktop\\WorkSpace\\Portfolio v1\\server\\static\\star.svg"},{"id":"skill-en-1b9761a5-5f37-44a5-a028-c2c6b0686d1e","name":"asdsd","icon":"C:\\Users\\alimm\\Desktop\\WorkSpace\\Portfolio v1\\server\\uploads\\skill-en-1b9761a5-5f37-44a5-a028-c2c6b0686d1e.svg"},{"id":"skill-en-31f05275-5013-42da-924c-8de9725b9011","name":"ddddd","icon":"C:\\Users\\alimm\\Desktop\\WorkSpace\\Portfolio v1\\server\\static\\star.svg"}]},{"id":"group-en-e40cab09-4d3d-40fe-8cc6-845a415c53e4","title":"asdasdas","skills":[{"id":"skill-en-672ae004-a06f-4696-914a-91de88ada51e","name":"sssasdasd","icon":"C:\\Users\\alimm\\Desktop\\WorkSpace\\Portfolio v1\\server\\uploads\\skill-en-672ae004-a06f-4696-914a-91de88ada51e.svg"},{"id":"skill-en-3ec575bb-b1ea-4463-86ef-fed660ccdb84","name":"asdasdasads","icon":"C:\\Users\\alimm\\Desktop\\WorkSpace\\Portfolio v1\\server\\uploads\\skill-en-883ea9fd-216c-4bdc-be88-6376aec6208b.svg"},{"id":"skill-en-d44cb611-a55a-4348-8e67-1fad35a4b658","name":"heloasd","icon":"C:\\Users\\alimm\\Desktop\\WorkSpace\\Portfolio v1\\server\\uploads\\skill-en-f62548fd-151c-41fa-bdaf-b48180d0a6f5.svg"}]},{"id":"group-en-9bfa9915-af1d-432d-bc6d-928fa9f7a3be","title":"asdasdasd","skills":[]}]}